I,i,Id,I'd,I'll,Im,I'm,ive,I've,me,mine,my,myself,,,,,,,,,,,,,,,,,,,,,,,,,,,,,,,,,,,,,,,,,,,,,,,,,,,,,,,,,,,,,,,,,,,,,,,,,,,,,,,,,,,,,,,,,,,,,,,,,,,,,,,,,,,,,,,,,,,,,,,,,,,,,,,,,,,,,,,,,,,,,,,,,,,,,,,,,,,,,,,,,,,,,,,,,,,,,,,,,,,,,,,,,,,,,,,,,,,,,,,,,,,,,,,,,,,,,,,,,,,,,,,,,,,,,,,,,,,,,,,,,,,,,,,,,,,,,,,,,,,,,,,,,,,,,,,,,,,,,,,,,,,,,,,,,,,,,,,,,,,,,,,,,,,,,,,,,,,,,,,,,,,,,,,,,,,,,,,,,,,,,,,,,,,,,,,,,,,,,,,,,,,,,,,,,,,,,,,,,,,,,,,,,,,,,,,,,,,,,,,,,,,,,,,,,,,,,,,,,,,,,,,,,,,,,,,,,,,,,,,,,,,,,,,,,,,,,,,,,,,,,,,,,,,,,,,,,,,,,,,,,,,,,,,,,,,,,,,,,,,,,,,,,,,,,,,,,,,,,,,,,,,,,,,,,,,,,,,,,,,,,,,,,,,,,,,,,,,,,,,,,,,,,,,,,,,,,,,,,,,,,,,,,,,,,,,,,,,,,,,,,,,,,,,,,,,,,,,,,,,,,,,,,,
We,lets,let's,our,ours,ourselves,us,we,we'd,we'll,we're,weve,we've,,,,,,,,,,,,,,,,,,,,,,,,,,,,,,,,,,,,,,,,,,,,,,,,,,,,,,,,,,,,,,,,,,,,,,,,,,,,,,,,,,,,,,,,,,,,,,,,,,,,,,,,,,,,,,,,,,,,,,,,,,,,,,,,,,,,,,,,,,,,,,,,,,,,,,,,,,,,,,,,,,,,,,,,,,,,,,,,,,,,,,,,,,,,,,,,,,,,,,,,,,,,,,,,,,,,,,,,,,,,,,,,,,,,,,,,,,,,,,,,,,,,,,,,,,,,,,,,,,,,,,,,,,,,,,,,,,,,,,,,,,,,,,,,,,,,,,,,,,,,,,,,,,,,,,,,,,,,,,,,,,,,,,,,,,,,,,,,,,,,,,,,,,,,,,,,,,,,,,,,,,,,,,,,,,,,,,,,,,,,,,,,,,,,,,,,,,,,,,,,,,,,,,,,,,,,,,,,,,,,,,,,,,,,,,,,,,,,,,,,,,,,,,,,,,,,,,,,,,,,,,,,,,,,,,,,,,,,,,,,,,,,,,,,,,,,,,,,,,,,,,,,,,,,,,,,,,,,,,,,,,,,,,,,,,,,,,,,,,,,,,,,,,,,,,,,,,,,,,,,,,,,,,,,,,,,,,,,,,,,,,,,,,,,,,,,,,,,,,,,,,,,,,,,,,,,,,,,,,,,,,,,,,
They,their*,them,themselves,they,theyd,they'd,theyll,they'll,theyve,they've,,,,,,,,,,,,,,,,,,,,,,,,,,,,,,,,,,,,,,,,,,,,,,,,,,,,,,,,,,,,,,,,,,,,,,,,,,,,,,,,,,,,,,,,,,,,,,,,,,,,,,,,,,,,,,,,,,,,,,,,,,,,,,,,,,,,,,,,,,,,,,,,,,,,,,,,,,,,,,,,,,,,,,,,,,,,,,,,,,,,,,,,,,,,,,,,,,,,,,,,,,,,,,,,,,,,,,,,,,,,,,,,,,,,,,,,,,,,,,,,,,,,,,,,,,,,,,,,,,,,,,,,,,,,,,,,,,,,,,,,,,,,,,,,,,,,,,,,,,,,,,,,,,,,,,,,,,,,,,,,,,,,,,,,,,,,,,,,,,,,,,,,,,,,,,,,,,,,,,,,,,,,,,,,,,,,,,,,,,,,,,,,,,,,,,,,,,,,,,,,,,,,,,,,,,,,,,,,,,,,,,,,,,,,,,,,,,,,,,,,,,,,,,,,,,,,,,,,,,,,,,,,,,,,,,,,,,,,,,,,,,,,,,,,,,,,,,,,,,,,,,,,,,,,,,,,,,,,,,,,,,,,,,,,,,,,,,,,,,,,,,,,,,,,,,,,,,,,,,,,,,,,,,,,,,,,,,,,,,,,,,,,,,,,,,,,,,,,,,,,,,,,,,,,,,,,,,,,,,,,,,,,,,,,
Non-fluencies,blah,idontknow,imean,like,ohwell,rr*,yakno*,ykn*,youknow,,,,,,,,,,,,,,,,,,,,,,,,,,,,,,,,,,,,,,,,,,,,,,,,,,,,,,,,,,,,,,,,,,,,,,,,,,,,,,,,,,,,,,,,,,,,,,,,,,,,,,,,,,,,,,,,,,,,,,,,,,,,,,,,,,,,,,,,,,,,,,,,,,,,,,,,,,,,,,,,,,,,,,,,,,,,,,,,,,,,,,,,,,,,,,,,,,,,,,,,,,,,,,,,,,,,,,,,,,,,,,,,,,,,,,,,,,,,,,,,,,,,,,,,,,,,,,,,,,,,,,,,,,,,,,,,,,,,,,,,,,,,,,,,,,,,,,,,,,,,,,,,,,,,,,,,,,,,,,,,,,,,,,,,,,,,,,,,,,,,,,,,,,,,,,,,,,,,,,,,,,,,,,,,,,,,,,,,,,,,,,,,,,,,,,,,,,,,,,,,,,,,,,,,,,,,,,,,,,,,,,,,,,,,,,,,,,,,,,,,,,,,,,,,,,,,,,,,,,,,,,,,,,,,,,,,,,,,,,,,,,,,,,,,,,,,,,,,,,,,,,,,,,,,,,,,,,,,,,,,,,,,,,,,,,,,,,,,,,,,,,,,,,,,,,,,,,,,,,,,,,,,,,,,,,,,,,,,,,,,,,,,,,,,,,,,,,,,,,,,,,,,,,,,,,,,,,,,,,,,,,,,,,,,,
PosEmotion,accept,accepta*,accepted,accepting,accepts,active*,admir*,ador*,advantag*,adventur*,affection*,agree,agreeab*,agreed,agreeing,agreement*,agrees,alright*,amaz*,amor*,amus*,aok,appreciat*,assur*,attachment*,attract*,award*,awesome,beaut*,beloved,benefic*,benefit,benefits,benefitt*,benevolen*,benign*,best,better,bless*,bold*,bonus*,brave*,bright*,brillian*,calm*,care,cared,carefree,careful*,cares,caring,casual,casually,certain*,challeng*,champ*,charit*,charm*,cheer*,cherish*,chuckl*,clever*,comed*,comfort*,commitment*,compassion*,compliment*,confidence,confident,confidently,considerate,contented*,contentment,convinc*,cool,courag*,create*,creati*,credit*,cute*,cutie*,daring,darlin*,dear*,definite,definitely,delectabl*,delicate*,delicious*,deligh*,determina*,determined,devot*,digni*,divin*,dynam*,eager*,ease*,easie*,easily,easiness,easing,easy*,ecsta*,efficien*,elegan*,encourag*,energ*,engag*,enjoy*,entertain*,enthus*,excel*,excit*,fab,fabulous*,faith*,fantastic*,favor*,favour*,fearless*,festiv*,fiesta*,fine,flatter*,flawless*,flexib*,flirt*,fond,fondly,fondness,forgave,forgiv*,free,free*,freeb*,innocen*,inspir*,intell*,interest*,invigor*,joke*,joking,joll*,joy*,keen*,kidding,kind,kindly,kindn*,kiss*,laidback,laugh*,libert*,like,likeab*,liked,likes,liking,livel*,LMAO,LOL,love,loved,lovely,lover*,loves,loving*,loyal*,luck,lucked,lucki*,lucks,lucky,madly,magnific*,merit*,merr*,neat*,nice*,nurtur*,ok,okay,okays,oks,openminded*,openness,opportun*,optimal*,optimi*,original,outgoing,painl*,palatabl*,paradise,sweet,sweetheart*,sweetie*,sweetly,sweetness*,sweets,talent*,tehe,tender*,terrific*,thank,thanked,thankf*,thanks,thoughtful*,thrill*,toleran*,tranquil*,treasur*,treat,triumph*,TRUE,trueness,truer,truest,truly,trust*,truth*,useful*,valuabl*,value,valued,values,valuing,vigor*,vigour*,virtue*,virtuo*,vital*,warm*,wealth*,welcom*,well*,win,winn*,wins,wisdom,wise*,won,wonderf*,worship*,worthwhile,wow*,yay,yays,,,,,,,,,,,,,,,,,,,,,,,,,,,,,,,,,,,,,,,,,,,,,,,,,,,,,,,,,,,,,,,,,,,,,,,,,,,,,,,,,,,,,,,,,,,,,,,,,,,,,,,,,,,,,,,,,,,,,,,,,,,,,,,,,,,,,,,,,,,,,,,,,,,,,,,,,,,,,,,,,,,,,,,,,,,,,,,,,,,,,,,,,,,,,,,,,,,,,,,,,,,,,,,,,,,,,,,,,,,,,,,,,,,,,,,,,,,,,,,,,,,,,,,,,,,,,,,,,,,,,,,,,,,,,,,,,,,,,,,,,,,,,,,,,,,,,,,,,,,,,,,,,,,,,,,,,,,,,,,,,,,,,,,,,,,,,,,,,,,,,,,,,,,,,,,,,,,,,,,,,,,,,,,,,,,,,,,,,,,,,,,,,,,,
NegEmotion,degrad*,depress*,depriv*,despair*,desperat*,despis*,destroy*,destruct*,devastat*,devil*,difficult*,disadvantage*,disagree*,disappoint*,disaster*,discomfort*,discourag*,disgust*,dishearten*,disillusion*,dislike,disliked,dislikes,disliking,dismay*,dissatisf*,distract*,distraught,distress*,distrust*,disturb*,domina*,doom*,dork*,doubt*,dread*,dull*,dumb*,dump*,dwell*,egotis*,embarrass*,emotional,empt*,enemie*,enemy*,idiot,ignor*,immoral*,impatien*,impersonal,impolite*,inadequa*,indecis*,ineffect*,inferior*,inhib*,insecur*,insincer*,insult*,interrup*,intimidat*,irrational*,irrita*,isolat*,jaded,jealous*,jerk,jerked,jerks,kill*,lame*,lazie*,lazy,liabilit*,liar*,lied,lies,lone*,longing*,lose,loser*,loses,losing,loss*,lost,lous*,low*,luckless*,ludicrous*,lying,mad,reluctan*,remorse*,repress*,resent*,resign*,restless*,revenge*,ridicul*,rigid*,risk*,rotten,rude*,ruin*,sad,sadde*,sadly,sadness,sarcas*,savage*,scare*,scaring,scary,sceptic*,scream*,screw*,selfish*,serious,seriously,seriousness,severe*,shake*,shaki*,shaky,shame*,shit*,shock*,shook,shy*,sicken*,sin,sinister,sins,skeptic*,slut*,smother*,smug*,unimpress*,unkind,unlov*,unpleasant,unprotected,unsavo*,unsuccessful*,unsure*,unwelcom*,upset*,uptight*,useless*,vain,vanity,vicious*,victim*,vile,villain*,violat*,violent*,vulnerab*,vulture*,war,warfare*,warred,warring,wars,weak*,weapon*,weep*,weird*,wept,whine*,whining,whore*,wicked*,wimp*,witch,woe*,worr*,worse*,worst,worthless*,wrong*,yearn*,,,,,,,,,,,,,,,,,,,,,,,,,,,,,,,,,,,,,,,,,,,,,,,,,,,,,,,,,,,,,,,,,,,,,,,,,,,,,,,,,,,,,,,,,,,,,,,,,,,,,,,,,,,,,,,,,,,,,,,,,,,,,,,,,,,,,,,,,,,,,,,,,,,,,,,,,,,,,,,,,,,,,,,,,,,,,,,,,,,,,,,,,,,,,,,,,,,,,,,,,,,,,,,,,,,,,,,,,,,,,,,,,,,,,,,,,,,,,,,,,,,,,,,,,,,,,,,,,,,,,,,,,,,,,,,,,,,,,,,,,,,,,,,,,,,,,,,,,,,,,,,,,,,,,,,,,,,,,,,,,,,,,,,,,,,,,,,,,,,,,,,,,,,,,,,,,,,,,,,,,,,,,,,,,,,,,,,,,,,,,,,,,,,,,,,,,,,,,,,,,,,,,,,,,,,,,,,,,,,,,,,,,,,,,,,,,,,,,,,,,,,,,,,,,,,,,,,
Anxiety,afraid,alarm*,anguish*,anxi*,apprehens*,asham*,aversi*,avoid*,awkward*,confus*,craz*,desperat*,discomfort*,distract*,distraught,distress*,disturb*,doubt*,dread*,dwell*,embarrass*,emotional,fear,feared,fearful*,fearing,fears,frantic*,fright*,guilt*,hesita*,horr*,humiliat*,impatien*,inadequa*,indecis*,inhib*,insecur*,irrational*,irrita*,miser*,nervous*,neurotic*,obsess*,overwhelm*,panic*,petrif*,phobi*,pressur*,reluctan*,repress*,restless*,rigid*,risk*,scare*,scaring,scary,shake*,shaki*,shaky,shame*,shook,shy*,sicken*,startl*,strain*,stress*,struggl*,stunned,stuns,suspicio*,tense*,tensing,tension*,terrified,terrifies,terrify,terrifying,terror*,timid*,trembl*,turmoil,uncertain*,uncomfortabl*,uncontrol*,uneas*,unsure*,upset*,uptight*,vulnerab*,worr*,,,,,,,,,,,,,,,,,,,,,,,,,,,,,,,,,,,,,,,,,,,,,,,,,,,,,,,,,,,,,,,,,,,,,,,,,,,,,,,,,,,,,,,,,,,,,,,,,,,,,,,,,,,,,,,,,,,,,,,,,,,,,,,,,,,,,,,,,,,,,,,,,,,,,,,,,,,,,,,,,,,,,,,,,,,,,,,,,,,,,,,,,,,,,,,,,,,,,,,,,,,,,,,,,,,,,,,,,,,,,,,,,,,,,,,,,,,,,,,,,,,,,,,,,,,,,,,,,,,,,,,,,,,,,,,,,,,,,,,,,,,,,,,,,,,,,,,,,,,,,,,,,,,,,,,,,,,,,,,,,,,,,,,,,,,,,,,,,,,,,,,,,,,,,,,,,,,,,,,,,,,,,,,,,,,,,,,,,,,,,,,,,,,,,,,,,,,,,,,,,,,,,,,,,,,,,,,,,,,,,,,,,,,,,,,,,,,,,,,,,,,,,,,,,,,,,,,,,,,,,,,,,,,,,,,,,,,,,,,,,,,,,,,,,,,,,,,,,,,,,,,,,,,,,,,,,,,,,,,,,,,,,,,,,,,,,,,,,,,,,,,,,,,
Anger,fought,frustrat*,fuck,fucked*,fucker*,fuckin*,fucks,fume*,fuming,furious*,fury,goddam*,greed*,grouch*,grr*,harass*,hate,hated,hateful*,hater*,hates,hating,hatred,heartless*,hell,hellish,hostil*,humiliat*,idiot*,insult*,interrup*,intimidat*,snob*,spite*,stubborn*,stupid*,suck,sucked,sucker*,sucks,sucky,tantrum*,teas*,temper,tempers,terrify,threat*,ticked,tortur*,trick*,ugl*,vicious*,victim*,vile,villain*,violat*,violent*,war,warfare*,warred,warring,wars,weapon*,wicked*,,,,,,,,,,,,,,,,,,,,,,,,,,,,,,,,,,,,,,,,,,,,,,,,,,,,,,,,,,,,,,,,,,,,,,,,,,,,,,,,,,,,,,,,,,,,,,,,,,,,,,,,,,,,,,,,,,,,,,,,,,,,,,,,,,,,,,,,,,,,,,,,,,,,,,,,,,,,,,,,,,,,,,,,,,,,,,,,,,,,,,,,,,,,,,,,,,,,,,,,,,,,,,,,,,,,,,,,,,,,,,,,,,,,,,,,,,,,,,,,,,,,,,,,,,,,,,,,,,,,,,,,,,,,,,,,,,,,,,,,,,,,,,,,,,,,,,,,,,,,,,,,,,,,,,,,,,,,,,,,,,,,,,,,,,,,,,,,,,,,,,,,,,,,,,,,,,,,,,,,,,,,,,,,,,,,,,,,,,,,,,,,,,,,,,,,,,,,,,,,,,,,,,,,,,,,,,,,,,,,,,,,,,,,,,,,,,,,,,,,,,,,,,,,,,,,,,,,,,,,,,,,,,,,,,,,,,,,,,,,,,,,,,,,,,,,,,,,,,,,,,,,,,,,,,,,,,,,,,,,,,,,,,,,,,,,,,,,,,,,,,,,,,,,,,,,,,,,,,,,,,,,,,,,,,,,,,
Sadness,mourn*,neglect*,overwhelm*,pathetic*,pessimis*,piti*,pity*,regret*,reject*,remorse*,resign*,ruin*,sad,sadde*,sadly,sadness,sob,sobbed,sobbing,sobs,solemn*,sorrow*,suffer,suffered,sufferer*,suffering,suffers,tears,traged*,tragic*,unhapp*,unimportant,unsuccessful*,useless*,weep*,wept,whine*,whining,woe*,worthless*,yearn*,,,,,,,,,,,,,,,,,,,,,,,,,,,,,,,,,,,,,,,,,,,,,,,,,,,,,,,,,,,,,,,,,,,,,,,,,,,,,,,,,,,,,,,,,,,,,,,,,,,,,,,,,,,,,,,,,,,,,,,,,,,,,,,,,,,,,,,,,,,,,,,,,,,,,,,,,,,,,,,,,,,,,,,,,,,,,,,,,,,,,,,,,,,,,,,,,,,,,,,,,,,,,,,,,,,,,,,,,,,,,,,,,,,,,,,,,,,,,,,,,,,,,,,,,,,,,,,,,,,,,,,,,,,,,,,,,,,,,,,,,,,,,,,,,,,,,,,,,,,,,,,,,,,,,,,,,,,,,,,,,,,,,,,,,,,,,,,,,,,,,,,,,,,,,,,,,,,,,,,,,,,,,,,,,,,,,,,,,,,,,,,,,,,,,,,,,,,,,,,,,,,,,,,,,,,,,,,,,,,,,,,,,,,,,,,,,,,,,,,,,,,,,,,,,,,,,,,,,,,,,,,,,,,,,,,,,,,,,,,,,,,,,,,,,,,,,,,,,,,,,,,,,,,,,,,,,,,,,,,,,,,,,,,,,,,,,,,,,,,,,,,,,,,,,,,,,,,,,,,,,,,,,,,,,,,,,,,,,,,,,,,,,,,,,,,,,,,,,
Cognitive,aware*,ban,banned,banning,bans,barely,barrier*,based,bases,basis,became,because,become,becomes,becoming,belief*,believe,believed,believes,believing,besides,bet,bets,betting,binding,blatant*,block,blocked,blocker*,blocking,blocks,blur*,borderline*,boss*,both,bound*,brake*,bridle*,but,came,careful*,categor*,caus*,caut*,cease*,ceasing,certain*,chance,change,changed,changes,changing,choice*,choos*,clarif*,clear,clearly,close,closure,cohere*,come,commit,commitment*,commits,committ*,compel*,complete,completed,completely,completes,complex*,compliance,complica*,complie*,comply*,compreh*,compulsiv*,concentrat*,conclud*,conclus*,confess*,confidence,confident,confidently,confin*,forgave,forget*,forgiv*,forgot*,found,foundation*,founded,founder*,frankly,fundamental,fundamentalis*,fundamentally,fundamentals,fuzz*,general,generally,generate*,generating,generator*,grasp*,guarant*,guard*,guess,guessed,guesses,guessing,halfass*,halt*,hangup*,hardly,manipul*,marginal*,matter*,may,maybe,mean,meaning*,means,meant,memor*,might,mightve,might've,mind,misle*,mistak*,misunder*,most,mostly,motiv*,must,mustnt,must'nt,mustn't,mustve,must've,myster*,name,nearly,necessar*,need,restrict*,restructur*,result*,retain*,rethink*,reveal*,revelat*,rigid*,root*,safe*,same,save,secret,secrets,seem,seemed,seeming*,seems,sense,sensed,senses,sensing,shaki*,shaky,should,shouldnt,should'nt,shouldn't,shoulds,shouldve,wanted,wanting,wants,we,whether,wholly,why,wish,wished,wishes,wishing,with,withheld,withhold*,without,wonder,wondered,wondering,wonders,word,would,wouldnt,wouldn't,wouldve,would've,write,writing,wrote,yearn*,yield*,,,,,,,,,,,,,,,,,,,,,,,,,,,,,,,,,,,,,,,,,,,,,,,,,,,,,,,,,,,,,,,,,,,,,,,,,,,,,,,,,,,,,,,,,,,,,,,,,,,,,,,,,,,,,,,,,,,,,,,,,,,,,,,,,,,,,,,,,,,,,,,,,,,,,,,,,,,,,,,,,,,,,,,,,,,,,,,,,,,,,,,,,,,,,,,,,,,,,,,,,,,,,,,,,,,,,,,,,,,,,,,,,,,,,,,,,,,,,,,,,,,,,,,,,,,,,,,,,,,,,,,,,,,,,,,,,,,,,,,,,,,,,,,,,,,,,,,,,,,,,,,,,,,,,,,,,,,,,,,,,,,,,,,,,,,,,,,,,,,,,,,,,,,,,,,,,,,,,,,,,,,,,,,,,,,,,,,,,,,,,,,,,,,,,,,,,,,,,,,,,,,,,,,,,,,,,,,,,,,,,,,,,,,,,,,,
Inhibition,abandon*,abstain*,anal,avert*,avoid*,ban,banned,banning,bans,barrier*,binding,block,blocked,blocker*,blocking,blocks,bound*,brake*,bridle*,careful*,caut*,cease*,ceasing,compulsiv*,confin*,conflict*,conserv*,constrain*,constrict*,contain*,contradic*,control*,curb*,curtail*,defenc*,defens*,delay*,denia*,denie*,deny*,disciplin*,discourag*,disregard*,duti*,duty,enclos*,fenc*,forbid*,forgot*,guard*,halt*,hangup*,harness*,held,hesita*,hold*,ignor*,inhib*,interfer*,keep,keeping*,keeps,kept,limit*,neglect*,obstac*,oppos*,prevent*,prohib*,protect*,prude,prudes,prudish*,refrain*,refus*,rein*,reluctan*,repress*,requir*,reserved,responsib*,restrain*,restrict*,retain*,rigid*,safe*,secur*,stiff*,stop,stopped,stopper*,stopping,stops,stubborn*,subdue*,suppress*,taboo*,tidi*,tidy,tight*,uptight*,veto,wait,waited,waiting,waits,wariness,wary,withheld,withhold*,yield*,,,,,,,,,,,,,,,,,,,,,,,,,,,,,,,,,,,,,,,,,,,,,,,,,,,,,,,,,,,,,,,,,,,,,,,,,,,,,,,,,,,,,,,,,,,,,,,,,,,,,,,,,,,,,,,,,,,,,,,,,,,,,,,,,,,,,,,,,,,,,,,,,,,,,,,,,,,,,,,,,,,,,,,,,,,,,,,,,,,,,,,,,,,,,,,,,,,,,,,,,,,,,,,,,,,,,,,,,,,,,,,,,,,,,,,,,,,,,,,,,,,,,,,,,,,,,,,,,,,,,,,,,,,,,,,,,,,,,,,,,,,,,,,,,,,,,,,,,,,,,,,,,,,,,,,,,,,,,,,,,,,,,,,,,,,,,,,,,,,,,,,,,,,,,,,,,,,,,,,,,,,,,,,,,,,,,,,,,,,,,,,,,,,,,,,,,,,,,,,,,,,,,,,,,,,,,,,,,,,,,,,,,,,,,,,,,,,,,,,,,,,,,,,,,,,,,,,,,,,,,,,,,,,,,,,,,,,,,,,,,,,,,,,,,,,,,,,,,,,,,,,,,,,,,,,,,,,,,,,,,,,,,,,
Perceptual,acid*,acrid*,aroma*,audibl*,audio*,beaut*,bitter*,black,blacke*,blackish*,blacks,blind*,blond*,blue*,boom*,bright*,brown*,brush*,butter*,candle*,caramel*,caress*,chocolate*,choir*,circle,citrus*,click*,cold*,cologne*,color*,colour*,column*,concert*,cool*,cream,deaf*,delectabl*,delicious*,deoder*,drie*,drily,drool*,dry*,ear,ears,edge,edges,edging,experienc*,eye*,eying,feel,feeling*,feels,felt,fetid*,finger*,fire,fizz*,flavor*,flavour*,flexib*,fragil*,fragran*,freez*,froze*,fruit*,fuzz*,gaz*,glanc*,glow*,grab*,gray*,greas*,green*,grey*,grip,gripp*,grips,hair*,hand,handful*,hands,hard,harde*,harmon*,hear,heard,hearing,hears,heavie*,heavy*,honey,hot,hott*,hush*,image*,inaudibl*,inhal*,leather*,lick*,light,limp*,listen,listened,listener*,listening,listens,lit,look,looked,looker*,looking,looks,loose*,loud*,mint*,musi*,nasal,noise,noises,noisy,nose*,nostril*,odor*,odour*,oil*,orange*,palatabl*,perfum*,picture,pink*,press,pressed,presser*,presses,pungen*,purpl*,quiet*,rancid*,rang,rectang*,red,redde*,reddish*,redness,reds,reek*,ring,ringing,rings,rotten,rough*,round*,rub,rubbed,rubbing,rubs,saccharine,said,saliv*,salt*,sampl*,sand,sands,sandy,sang,savor*,savour*,saw,say*,scan,scann*,scans,scent*,scratch*,scream*,screen,scrumptious*,see,seeing,seen,seer,sees,sharp*,shine,shini*,shiny,shout*,sight*,silen*,silk*,skin,skin'*,smell*,smooth*,sniff*,snort*,soft*,song*,sound*,sour,soure*,souri*,sours,soury,speak,speaker*,speaking,speaks,speech*,spice,spiced,spices,spicy,spoke*,squar*,squeez*,stank,stare*,staring,stench*,stink*,stroke*,stroki*,stunk,sugar*,sumptuous*,sunli*,sunshin*,sweet,sweetness,sweets,tang,tangy,tart,tast*,thick*,thin,thinn*,thunder*,tight*,tongue*,touch*,triang*,unsavo*,view,viewer*,viewing*,views,vivid*,voic*,waft*,warm*,watch*,weight,weighted,weighting,weightless*,weightlift*,weights,wet,wetly,whiff*,whisper*,white*,whitish*,yell,yelled,yelling,yellow*,yells,yum*,,,,,,,,,,,,,,,,,,,,,,,,,,,,,,,,,,,,,,,,,,,,,,,,,,,,,,,,,,,,,,,,,,,,,,,,,,,,,,,,,,,,,,,,,,,,,,,,,,,,,,,,,,,,,,,,,,,,,,,,,,,,,,,,,,,,,,,,,,,,,,,,,,,,,,,,,,,,,,,,,,,,,,,,,,,,,,,,,,,,,,,,,,,,,,,,,,,,,,,,,,,,,,,,,,,,,,,,,,,,,,,,,,,,,,,,,,,,,,,,,,,,,,,,,,,,,,,,,,,,,,,,,,,,,,,,,,,,,,,,,,,,,,,,,,,,,,,,,,,,,,,,,,,,,,,,,,,,,,,,,,,,,,,,,,,,,,,,,,,,,,,,,,,,,,,,,,,,,,,,,,,,,
Relativity,above,abrupt*,across,act,action*,advanc*,after,afterlife*,aftermath*,afternoon*,afterthought*,afterward*,again,age,aged,ages,aging,ago,ahead,air,already,always,among*,ancient*,annual*,anymore,anytime,anywhere,apart,appear,appeared,appearing,appears,approach*,april,area*,around,arrival*,arrive,arrived,arrives,arriving,at,atop,attend,attended,attending,attends,august,autumn,away,awhile,back,backward*,before,began,begin,beginn*,begins,begun,behavio*,below,bend,bending,bends,beneath,bent,beside,beyond,biannu*,big,bigger,biggest,bimonth*,birth*,biweek*,born,both,bottom*,breadth,break,brief*,bring,bringing,brings,brink,broad*,brought,building,busy,came,capacit*,car,carried,carrier*,carries,carry,carrying,catch,caught,cease*,ceasing,ceiling*,center*,centre*,centur*,change,changed,changes,changing,childhood,christmas*,city,climb*,clock*,close,closed,closely,closer,closes,closest,closing,come,comes,coming,common,connection*,constant,constantly,continu*,corner,corners,countr*,coverage,cross*,cruis*,current*,cycle*,dail*,danc*,date*,day*,decade*,decay*,december,deep*,delay*,deliver*,dense,densit*,depart,departed,departing,departs,departure*,depth*,diagonal*,disappear*,distan*,down,downward*,drift*,drive,driven,drives,driving,drop,drove,due,during,earli*,early,east*,edge,edges,edging,empt*,enclos*,encompass*,end,ended,ending,ends,enorm*,enter,entered,entering,enters,entrance*,environment*,era,etern*,eve,evening*,event,eventually,ever,everyday,everywhere,exit*,explor*,exterior*,fade*,fading*,fall,fallen,falling,falls,far,farther,farthest,fast,faster,fastest,february,fell,fill*,final,finally,finish*,first,firstly,firsts,fit,fled,flee*,flew,flies,floor*,flow*,fly,flying,follow,followed,following,follows,followup*,forever,former*,forward*,frequent,frequented,frequenting,frequently,frequents,Friday*,front,full*,further*,futur*,generation*,giant*,gigantic,ginormous,global*,go,goes,going,gone,grew,ground*,grow,growing,grown,growth,hall,hang,happening,headed,heading,height*,high,highe*,hik*,histor*,horizontal*,hour*,huge*,hurrie*,hurry*,immediate,immediately,immediateness,immortal*,in,inch*,inciden*,increas*,infinit*,initial*,initiat*,inner*,inside,insides,instan*,interior*,internal*,internation*,intersect*,interval*,into,january,jog*,journey*,july,jump*,june,kilometer*,km*,land,large*,last*,late,lately,later,latest,lead*,leave,leaves,leaving,led,ledge*,ledging,left,level,levels,littl*,local*,long,longe*,longitud*,low*,map,mapped,mapping,maps,march*,mass,meantime,meanwhile,meter*,metre*,mid,middl*,mile*,min,minute*,modern*,moment*,monday*,month*,morning*,motion*,move,moved,movement*,mover*,moves,moving,narrow*,nation*,near,neared,nearer,nearest,nearing,nears,never,new,newer,newest,newly,next,night,nightly,nights,noon*,north*,november,now,nowhere,occasional*,oclock*,o'clock*,october,off,old,olden,older,oldest,on,once,onto,open,opened,opening*,order,origin,out,outer*,outside,outsides,outward*,over,overflow*,overlap*,pass,passed,passes,passing,past,period*,perpetual*,place*,placing*,platform*,point,position*,post,preced*,present,presently,prior,proceed*,pull*,push*,put,puts,putting,quick*,ran,receiv*,recency,recent*,recur*,remote*,remov*,repeat*,repetit*,replace*,replacing,respectively,return*,rhythm*,ridden,ride,rides,riding,right,rise*,rising,road*,rode,room,roomate*,roomed,roomie*,rooming,roommate*,rooms,run,runner*,running,runs,rush*,saturday*,schedul*,season*,seconds,section,segment,send*,senior*,sent,separat*,september*,sequen*,set,shake*,shape*,shaping*,shook,short*,shut,side,sides,siding,simultaneous*,sit,site,sitting,sky*,slid,slide,slides,sliding,slow*,small*,sometime,sometimes,somewhere,soon,soone*,south*,space,spaced,spaces,spaci*,span,spann*,sped,speed*,spring,stage,stair*,stand,start,started,starter*,starting,starts,startup*,state,stay*,step,stepp*,steps,still,stop,stopped,stopper*,stopper*,stopping,stops,straight,street*,stretch*,subsequen*,sudden*,summer*,sunday*,surfac*,surround*,swam,swim*,synch*,system*,tall,taller,tallest,tempora*,term,terminat*,territor*,then,thick*,thin,thinly,thinn*,threw,throw*,thursday*,til,till,time*,timing,tinier,tiniest,tiny,today*,together,tomorrow*,tonight*,took,top,toward*,town,transact*,transport*,travel*,trip,tripped,tripping,trips,tuesday*,under,underneath,undersid*,universe*,until,up,updat*,upon,upper,uppermost,upstairs,usual,usually,vast*,verg*,vertical*,visit*,walk,walked,walking,walks,wall,walling,walls,way,wednesday*,week,week'*,weekend*,weekl*,weeks,went,west*,when,whenever,where,wheres,where's,wherever,while,whilst,wide*,width*,winter*,within,world,year,yearly,years,yesterday*,yet,young*,youth*
Work,absent*,academ*,accomplish*,achiev*,administrat*,advertising,advis*,agent,agents,ambiti*,applicant*,applicat*,apprentic*,assign*,assistan*,associat*,auditorium*,award*,beaten,benefits,biolog*,biz,blackboard*,bldg*,book*,boss*,broker*,bureau*,burnout*,business*,busy,cafeteria*,calculus,campus*,career*,ceo*,certif*,chairm*,chalk,challeng*,champ*,class,classes,classmate*,classroom*,collab*,colleague*,colleg*,com,commerc*,commute*,commuting,companies,company,comput*,conferenc*,conglom*,consult*,consumer*,contracts,corp,corporat*,corps,counc*,couns*,course*,coworker*,credential*,credit*,cubicle*,curricul*,customer*,cv*,deadline*,dean*,delegat*,demote*,department*,dept,desk*,diplom*,director*,dissertat*,dividend*,doctor*,dorm*,dotcom,downsiz*,dropout*,duti*,duty,earn*,econ*,edit*,educat*,elementary,employ*,esl,exam,exams,excel*,executive*,expel*,expulsion*,factories,factory,facult*,fail*,fax*,feedback,finaliz*,finals,financ*,fired,firing,franchis*,frat,fratern*,freshm*,gmat,goal*,gov,govern*,gpa,grad,grade*,grading,graduat*,gre,hardwork*,headhunter*,highschool*,hire*,hiring,homework*,inc,income*,incorp*,industr*,instruct*,interview*,inventory,jd,job*,junior*,keyboard*,kinderg*,labor*,labour*,laidoff,laptop*,lawyer*,layoff*,lead*,learn*,lectur*,legal*,librar*,lsat,ltd,mailroom*,majoring,majors,manag*,manufact*,market*,masters,math*,mcat,mda,meeting*,memo,memos,menial,mentor*,merger*,mfg,mfr,mgmt,mgr,midterm*,motiv*,negotiat*,ngo,nonprofit*,occupa*,office*,org,organiz*,outlin*,outsourc*,overpaid,overtime,overworked,paper*,pay*,pc*,pen,pencil*,pens,pension*,phd*,photocop*,pledg*,police,policy,political,politics,practice,prereq*,presentation*,presiden*,procrastin*,produc*,prof,profession*,professor*,profit*,profs,program*,project,projector*,projects,prom,promot*,psych,psychol*,publish,qualifi*,quiz*,read,recruit*,register*,registra*,report*,requir*,research*,resource,resources,resourcing,responsib*,resume,retire*,retiring,review*,rhetor*,salar*,scholar,scholaring,scholarly,scholars,scholarship*,scholastic*,school*,scien*,secretar*,sector*,semester*,senior*,servic*,session*,sickday*,sickleave*,sophom*,sororit*,staff*,stapl*,stipend*,stock,stocked,stocker,stocks,student*,studied,studies,studious,study*,succeed*,success*,supervis*,syllabus*,taught,tax,taxa*,taxed,taxes,taxing,teach*,team*,tenure*,test,tested,testing,tests,textbook*,theses,thesis,toefl,trade*,trading,transcript*,transfer*,tutor*,type*,typing,undergrad*,underpaid,unemploy*,universit*,unproduc*,upperclass*,varsit*,vita,vitas,vocation*,vp*,wage,wages,warehous*,welfare,work,workabl*,worked,worker*,working*,works,xerox*,,,,,,,,,,,,,,,,,,,,,,,,,,,,,,,,,,,,,,,,,,,,,,,,,,,,,,,,,,,,,,,,,,,,,,,,,,,,,,,,,,,,,,,,,,,,,,,,,,,,,,,,,,,,,,,,,,,,,,,,,,,,,,,,,,,,,,,,,,,,,,,,,,,,,,,,,,,,,,,,,,,,,,,,,,,,,,,,,,,,,,,,,,,,,,,,,,,,,,,,,,,,,,,,,,,,,,,,,,,,,,,,,,,,,,,,,,,,,,,,,,,,,,,,,,,,,,,,,,,,,,,,,,,,,,,,,,,,,,,,,,,,,,,,,,,,,,,,,,,,,,,,,,,,,,,
Swear,arse,arsehole*,arses,ass,asses,asshole*,bastard*,bitch*,bloody,boob*,butt,butts,cock,cocks*,crap,crappy,cunt*,damn*,dang,darn,dick,dicks,dumb*,dyke*,fuck,fucked*,fucker*,fuckin*,fucks,goddam*,heck,hell,homo,jeez,mofo,motherf*,nigger*,piss*,prick*,pussy*,queer*,screw*,shit*,sob,sonofa*,suck,sucked,sucks,tit,tits,titties,titty,wanker*,,,,,,,,,,,,,,,,,,,,,,,,,,,,,,,,,,,,,,,,,,,,,,,,,,,,,,,,,,,,,,,,,,,,,,,,,,,,,,,,,,,,,,,,,,,,,,,,,,,,,,,,,,,,,,,,,,,,,,,,,,,,,,,,,,,,,,,,,,,,,,,,,,,,,,,,,,,,,,,,,,,,,,,,,,,,,,,,,,,,,,,,,,,,,,,,,,,,,,,,,,,,,,,,,,,,,,,,,,,,,,,,,,,,,,,,,,,,,,,,,,,,,,,,,,,,,,,,,,,,,,,,,,,,,,,,,,,,,,,,,,,,,,,,,,,,,,,,,,,,,,,,,,,,,,,,,,,,,,,,,,,,,,,,,,,,,,,,,,,,,,,,,,,,,,,,,,,,,,,,,,,,,,,,,,,,,,,,,,,,,,,,,,,,,,,,,,,,,,,,,,,,,,,,,,,,,,,,,,,,,,,,,,,,,,,,,,,,,,,,,,,,,,,,,,,,,,,,,,,,,,,,,,,,,,,,,,,,,,,,,,,,,,,,,,,,,,,,,,,,,,,,,,,,,,,,,,,,,,,,,,,,,,,,,,,,,,,,,,,,,,,,,,,,,,,,,,,,,,,,,,,,,,,,,,,,,,,,,,,,,,,,,
Articles,a,alot,an,the,,,,,,,,,,,,,,,,,,,,,,,,,,,,,,,,,,,,,,,,,,,,,,,,,,,,,,,,,,,,,,,,,,,,,,,,,,,,,,,,,,,,,,,,,,,,,,,,,,,,,,,,,,,,,,,,,,,,,,,,,,,,,,,,,,,,,,,,,,,,,,,,,,,,,,,,,,,,,,,,,,,,,,,,,,,,,,,,,,,,,,,,,,,,,,,,,,,,,,,,,,,,,,,,,,,,,,,,,,,,,,,,,,,,,,,,,,,,,,,,,,,,,,,,,,,,,,,,,,,,,,,,,,,,,,,,,,,,,,,,,,,,,,,,,,,,,,,,,,,,,,,,,,,,,,,,,,,,,,,,,,,,,,,,,,,,,,,,,,,,,,,,,,,,,,,,,,,,,,,,,,,,,,,,,,,,,,,,,,,,,,,,,,,,,,,,,,,,,,,,,,,,,,,,,,,,,,,,,,,,,,,,,,,,,,,,,,,,,,,,,,,,,,,,,,,,,,,,,,,,,,,,,,,,,,,,,,,,,,,,,,,,,,,,,,,,,,,,,,,,,,,,,,,,,,,,,,,,,,,,,,,,,,,,,,,,,,,,,,,,,,,,,,,,,,,,,,,,,,,,,,,,,,,,,,,,,,,,,,,,,,,,,,,,,,,,,,,,,,,,,,,,,,,,,,,,,,,,,,,,,,,,,,,,,,,,,,
Verbs,accepted,admit,admits,admitted,affected,aint,ain't,am,appear,appeared,appears,are,arent,aren't,arrive,arrived,arrives,ask,asked,asks,ate,be,became,become,becomes,becoming,been,began,begin,begins,being,believe,believed,believes,bought,bring,brings,brought,called,came,can,cannot,cant,can't,care,cared,cares,carried,carries,carry,caught,changed,come,comes,could,couldnt,couldn't,couldve,could've,cried,depended,depends,describe,described,did,didnt,didn't,died,dies,dislike,disliked,dislikes,do,does,doesnt,doesn't,doing,done,dont,don't,drank,driven,drove,eaten,emailed,ended,entered,explain,explained,explains,fed,feel,feels,felt,fled,flew,follow,followed,follows,forgot*,fought,found,fuck,fucked*,fucks,gave,get,gets,give,given,gives,go,goes,gone,gonna,got,gotta,gotten,guess,guessed,guesses,had,hadnt,hadn't,happen,happened,happens,has,hasnt,hasn't,hate,hated,hates,have,havent,haven't,having,hear,heard,hears,hed,he'd,held,he'll,helped,helps,heres,here's,hes,he's,hit,hope,hoped,hopes,hows,how's,Id,I'd,I'll,Im,i'm,is,isnt,isn't,itd,it'd,itll,it'll,it's,ive,I've,keep,keeps,kept,knew,know,knows,let,lets,let's,lied,liked,listen,listened,listens,lived,look,looked,looks,lost,love,loved,loves,made,make,makes,may,mean,means,meant,met,might,mightve,might've,miss,missed,misses,moved,must,mustnt,must'nt,mustn't,mustve,must've,need,needed,needs,ought,oughta,oughtnt,ought'nt,oughtn't,oughtve,ought've,owe,owed,owes,paid,played,ran,said,sat,saw,see,seem,seemed,seems,seen,sees,sensed,sent,shall,shant,shan't,shared,she'd,she'll,shes,she's,should,shouldnt,should'nt,shouldn't,shouldve,should've,showed,slept,sold,spent,spoke*,start,started,starts,stayed,stood,stopped,stuck,studied,suck,sucked,sucks,suffered,support,supported,supports,suppose,supposed,supposes,take,taken,takes,taking,talked,taught,tend,tended,tends,thank,thanked,thanks,thatd,that'd,thatll,that'll,thats,that's,theres,there's,theyd,they'd,theyll,they'll,theyre,they're,theyve,they've,think,thinks,thought,threw,told,took,tried,tries,try,turn,turned,turns,understand,understands,understood,use,used,uses,using,viewed,wait,waited,waits,walked,want,wanted,wants,was,wasnt,wasn't,we'd,we'll,went,were,we're,weren't,weve,we've,whats,what's,wheres,where's,whod,who'd,wholl,who'll,whos,who's,will,wish,wished,wishes,woke,woken,won,wonder,wondered,wont,won't,wore,worked,worn,would,wouldnt,wouldn't,wouldve,would've,written,wrote,youd,you'd,youll,you'll,youre,you're,youve,you've,,,,,,,,,,,,,,,,,,,,,,,,,,,,,,,,,,,,,,,,,,,,,,,,,,,,,,,,,,,,,,,,,,,,,,,,,,,,,,,,,,,,,,,,,,,,,,,,,,,,,,,,,,,,,,,,,,,,,,,,,,,,,,,,,,,,,,,,,,,,,,,,,,,,,,,,,,,,,,,,,,,,,,,,,,,,,,,,,,,,,,,,,,,,,,,,,,,,,,,,,,,,,,,,,,,,,,,,,,,,,,,,,,,,,,,,,,,,,,,,,,,,,,,,,,,,,,,
Adverbs,about,absolutely,actually,again,also,anyway*,anywhere,apparently,around,back,basically,beyond,clearly,completely,constantly,definitely,especially,even,eventually,ever,frequently,generally,here,heres,here's,hopefully,how,however,immediately,instead,just,lately,maybe,mostly,nearly,now,often,only,perhaps,primarily,probably,push*,quick*,rarely,rather,really,seriously,simply,so,somehow,soon,sooo*,still,such,there,theres,there's,tho,though,too,totally,truly,usually,very,well,when,whenever,where,yet,,,,,,,,,,,,,,,,,,,,,,,,,,,,,,,,,,,,,,,,,,,,,,,,,,,,,,,,,,,,,,,,,,,,,,,,,,,,,,,,,,,,,,,,,,,,,,,,,,,,,,,,,,,,,,,,,,,,,,,,,,,,,,,,,,,,,,,,,,,,,,,,,,,,,,,,,,,,,,,,,,,,,,,,,,,,,,,,,,,,,,,,,,,,,,,,,,,,,,,,,,,,,,,,,,,,,,,,,,,,,,,,,,,,,,,,,,,,,,,,,,,,,,,,,,,,,,,,,,,,,,,,,,,,,,,,,,,,,,,,,,,,,,,,,,,,,,,,,,,,,,,,,,,,,,,,,,,,,,,,,,,,,,,,,,,,,,,,,,,,,,,,,,,,,,,,,,,,,,,,,,,,,,,,,,,,,,,,,,,,,,,,,,,,,,,,,,,,,,,,,,,,,,,,,,,,,,,,,,,,,,,,,,,,,,,,,,,,,,,,,,,,,,,,,,,,,,,,,,,,,,,,,,,,,,,,,,,,,,,,,,,,,,,,,,,,,,,,,,,,,,,,,,,,,,,,,,,,,,,,,,,,,,,,,,,,,,,,,,,,,,,,,,,,,,,,,,,,,,,,,,,,,,,,,
Prepositions,about,above,across,after,against,ahead,along,among*,around,as,at,atop,away,before,behind,below,beneath,beside,besides,between,beyond,by,despite,down,during,except,for,from,in,inside,insides,into,near,of,off,on,onto,out,outside,over,plus,since,than,through*,thru,til,till,to,toward*,under,underneath,unless,until,unto,up,upon,wanna,with,within,without,,,,,,,,,,,,,,,,,,,,,,,,,,,,,,,,,,,,,,,,,,,,,,,,,,,,,,,,,,,,,,,,,,,,,,,,,,,,,,,,,,,,,,,,,,,,,,,,,,,,,,,,,,,,,,,,,,,,,,,,,,,,,,,,,,,,,,,,,,,,,,,,,,,,,,,,,,,,,,,,,,,,,,,,,,,,,,,,,,,,,,,,,,,,,,,,,,,,,,,,,,,,,,,,,,,,,,,,,,,,,,,,,,,,,,,,,,,,,,,,,,,,,,,,,,,,,,,,,,,,,,,,,,,,,,,,,,,,,,,,,,,,,,,,,,,,,,,,,,,,,,,,,,,,,,,,,,,,,,,,,,,,,,,,,,,,,,,,,,,,,,,,,,,,,,,,,,,,,,,,,,,,,,,,,,,,,,,,,,,,,,,,,,,,,,,,,,,,,,,,,,,,,,,,,,,,,,,,,,,,,,,,,,,,,,,,,,,,,,,,,,,,,,,,,,,,,,,,,,,,,,,,,,,,,,,,,,,,,,,,,,,,,,,,,,,,,,,,,,,,,,,,,,,,,,,,,,,,,,,,,,,,,,,,,,,,,,,,,,,,,,,,,,,,,,,,,,,,,,,,,,,,,,,,,,,,,,,,,,
Conjunctions,also,although,and,as,altho,because,but,cuz,how,however,if,nor,or,otherwise,plus,so,then,tho,though,til,till,unless,until,when,whenever,whereas,whether,while,,,,,,,,,,,,,,,,,,,,,,,,,,,,,,,,,,,,,,,,,,,,,,,,,,,,,,,,,,,,,,,,,,,,,,,,,,,,,,,,,,,,,,,,,,,,,,,,,,,,,,,,,,,,,,,,,,,,,,,,,,,,,,,,,,,,,,,,,,,,,,,,,,,,,,,,,,,,,,,,,,,,,,,,,,,,,,,,,,,,,,,,,,,,,,,,,,,,,,,,,,,,,,,,,,,,,,,,,,,,,,,,,,,,,,,,,,,,,,,,,,,,,,,,,,,,,,,,,,,,,,,,,,,,,,,,,,,,,,,,,,,,,,,,,,,,,,,,,,,,,,,,,,,,,,,,,,,,,,,,,,,,,,,,,,,,,,,,,,,,,,,,,,,,,,,,,,,,,,,,,,,,,,,,,,,,,,,,,,,,,,,,,,,,,,,,,,,,,,,,,,,,,,,,,,,,,,,,,,,,,,,,,,,,,,,,,,,,,,,,,,,,,,,,,,,,,,,,,,,,,,,,,,,,,,,,,,,,,,,,,,,,,,,,,,,,,,,,,,,,,,,,,,,,,,,,,,,,,,,,,,,,,,,,,,,,,,,,,,,,,,,,,,,,,,,,,,,,,,,,,,,,,,,,,,,,,,,,,,,,,,,,,,,,,,,,,,,,,,,,,,,,,,,,,,
Negtions,aint,ain't,arent,aren't,cannot,cant,can't,couldnt,couldn't,didnt,didn't,doesnt,doesn't,dont,don't,hadnt,hadn't,hasnt,hasn't,havent,haven't,isnt,isn't,mustnt,must'nt,mustn't,neednt,need'nt,needn't,negat*,neither,never,no,nobod*,none,nope,nor,not,nothing,nowhere,oughtnt,ought'nt,oughtn't,shant,shan't,shouldnt,should'nt,shouldn't,uhuh,wasnt,wasn't,weren't,without,wont,won't,wouldnt,wouldn't,,,,,,,,,,,,,,,,,,,,,,,,,,,,,,,,,,,,,,,,,,,,,,,,,,,,,,,,,,,,,,,,,,,,,,,,,,,,,,,,,,,,,,,,,,,,,,,,,,,,,,,,,,,,,,,,,,,,,,,,,,,,,,,,,,,,,,,,,,,,,,,,,,,,,,,,,,,,,,,,,,,,,,,,,,,,,,,,,,,,,,,,,,,,,,,,,,,,,,,,,,,,,,,,,,,,,,,,,,,,,,,,,,,,,,,,,,,,,,,,,,,,,,,,,,,,,,,,,,,,,,,,,,,,,,,,,,,,,,,,,,,,,,,,,,,,,,,,,,,,,,,,,,,,,,,,,,,,,,,,,,,,,,,,,,,,,,,,,,,,,,,,,,,,,,,,,,,,,,,,,,,,,,,,,,,,,,,,,,,,,,,,,,,,,,,,,,,,,,,,,,,,,,,,,,,,,,,,,,,,,,,,,,,,,,,,,,,,,,,,,,,,,,,,,,,,,,,,,,,,,,,,,,,,,,,,,,,,,,,,,,,,,,,,,,,,,,,,,,,,,,,,,,,,,,,,,,,,,,,,,,,,,,,,,,,,,,,,,,,,,,,,,,,,,,,,,,,,,,,,,,,,,,,,,,,,,,,,,,,,,
Quantifiers,all,allot,alot,amount*,another,any,anymore,besides,best,bit,bits,both,bunch,cetera,couple,difference*,doubl*,each,either,else,enough,entire*,equal*,etc,every,example*,extent,extra,extremely,fairly,few*,form,full*,greater,greatest,highly,increas*,item*,lack*,least,less,loads,lot,lotof,lots,lotsa,lotta,main,major,majority,many,more,most,much,mucho,neither,none,ones,own,page,part,partly,percent,piec*,plenty,portion,remaining,rest,same,section,segment,selection,series,several,significant,simple,singl*,some,somewhat,term,ton,tons,total,tripl*,unique,various,version*,whole,worst,,,,,,,,,,,,,,,,,,,,,,,,,,,,,,,,,,,,,,,,,,,,,,,,,,,,,,,,,,,,,,,,,,,,,,,,,,,,,,,,,,,,,,,,,,,,,,,,,,,,,,,,,,,,,,,,,,,,,,,,,,,,,,,,,,,,,,,,,,,,,,,,,,,,,,,,,,,,,,,,,,,,,,,,,,,,,,,,,,,,,,,,,,,,,,,,,,,,,,,,,,,,,,,,,,,,,,,,,,,,,,,,,,,,,,,,,,,,,,,,,,,,,,,,,,,,,,,,,,,,,,,,,,,,,,,,,,,,,,,,,,,,,,,,,,,,,,,,,,,,,,,,,,,,,,,,,,,,,,,,,,,,,,,,,,,,,,,,,,,,,,,,,,,,,,,,,,,,,,,,,,,,,,,,,,,,,,,,,,,,,,,,,,,,,,,,,,,,,,,,,,,,,,,,,,,,,,,,,,,,,,,,,,,,,,,,,,,,,,,,,,,,,,,,,,,,,,,,,,,,,,,,,,,,,,,,,,,,,,,,,,,,,,,,,,,,,,,,,,,,,,,,,,,,,,,,,,,,,,,,,,,,,,,,,,,,,,,,,,,,,,,,,,,,,
Numbers,billion*,dozen*,eight*,eleven,fift*,first,firstly,firsts,five,four*,half,hundred*,infinit*,million*,nine*,once,one,quarter*,second,seven*,six*,ten,tenth,third,thirt*,thousand*,three,trillion*,twel*,twent*,twice,two,zero,zillion*,,,,,,,,,,,,,,,,,,,,,,,,,,,,,,,,,,,,,,,,,,,,,,,,,,,,,,,,,,,,,,,,,,,,,,,,,,,,,,,,,,,,,,,,,,,,,,,,,,,,,,,,,,,,,,,,,,,,,,,,,,,,,,,,,,,,,,,,,,,,,,,,,,,,,,,,,,,,,,,,,,,,,,,,,,,,,,,,,,,,,,,,,,,,,,,,,,,,,,,,,,,,,,,,,,,,,,,,,,,,,,,,,,,,,,,,,,,,,,,,,,,,,,,,,,,,,,,,,,,,,,,,,,,,,,,,,,,,,,,,,,,,,,,,,,,,,,,,,,,,,,,,,,,,,,,,,,,,,,,,,,,,,,,,,,,,,,,,,,,,,,,,,,,,,,,,,,,,,,,,,,,,,,,,,,,,,,,,,,,,,,,,,,,,,,,,,,,,,,,,,,,,,,,,,,,,,,,,,,,,,,,,,,,,,,,,,,,,,,,,,,,,,,,,,,,,,,,,,,,,,,,,,,,,,,,,,,,,,,,,,,,,,,,,,,,,,,,,,,,,,,,,,,,,,,,,,,,,,,,,,,,,,,,,,,,,,,,,,,,,,,,,,,,,,,,,,,,,,,,,,,,,,,,,,,,,,,,,,,,,,,,,,,,,,,,,,,,,,,,,,,,,